{"train_losses_lm": [0.17079204320907593, 0.07010799646377563, 0.09203730523586273, 0.06381462514400482, 0.08861856162548065, 0.0847216546535492, 0.05231858044862747, 0.04428325966000557, 0.052445124834775925, 0.05775870382785797, 0.06862553209066391, 0.061864789575338364, 0.05868465453386307, 0.04930826649069786, 0.05575323849916458, 0.06392382830381393, 0.07672739028930664, 0.07933906465768814, 0.13849523663520813, 0.09446020424365997, 0.0866517573595047, 0.0745876133441925, 0.09311964362859726, 0.11004761606454849, 0.10717914998531342, 0.1245998740196228, 0.09420105069875717, 0.07452556490898132, 0.09320592880249023, 0.07914212346076965, 0.08415327966213226, 0.0732446163892746, 0.08800287544727325, 0.07505866885185242, 0.06052171438932419, 0.09754331409931183, 0.09039877355098724, 0.07586265355348587, 0.08372698724269867, 0.07152768969535828, 0.08852621167898178, 0.07473927736282349, 0.06671708077192307, 0.08303229510784149, 0.08263108134269714, 0.06546701490879059, 0.06893786787986755, 0.07934625446796417, 0.06660974025726318, 0.07975122332572937, 0.07583033293485641, 0.06761664152145386, 0.07049538940191269, 0.06979916989803314, 0.07042588293552399, 0.06307394802570343, 0.058324653655290604, 0.06150009110569954, 0.09153974056243896, 0.09298872947692871, 0.10690395534038544, 0.08642492443323135, 0.10369226336479187, 0.08888731896877289, 0.07615770399570465, 0.07462077587842941, 0.07599981874227524, 0.07032542675733566, 0.08416003733873367, 0.07062423229217529, 0.09732720255851746, 0.07544025033712387, 0.08461998403072357, 0.08227995783090591, 0.07799872756004333, 0.07998445630073547, 0.050531305372714996, 0.0688067153096199, 0.0787021815776825, 0.06119438633322716, 0.07623416185379028, 0.05272578075528145], "train_losses_cls": [0.7508282661437988, 0.7533883452415466, 1.4789336919784546, 0.7599916458129883, 0.7291951775550842, 0.8072011470794678, 0.7077950835227966, 0.6764020919799805, 0.7078276872634888, 0.6776355504989624, 0.6290298700332642, 0.6655750870704651, 0.6446648836135864, 0.5962284207344055, 0.5819979310035706, 0.530892014503479, 0.48165732622146606, 0.40819525718688965, 0.4547424018383026, 0.3314052224159241, 0.2392694652080536, 0.34056204557418823, 0.16318534314632416, 0.23835161328315735, 0.299898624420166, 0.23735976219177246, 0.22115013003349304, 0.19701793789863586, 0.08560967445373535, 0.32162946462631226, 0.15406900644302368, 0.17033952474594116, 0.17917579412460327, 0.08018136024475098, 0.05032498016953468, 0.2650936245918274, 0.3901830017566681, 0.04033064469695091, 0.05572105944156647, 0.10237522423267365, 0.17118340730667114, 0.21474876999855042, 0.11886585503816605, 0.3982769548892975, 0.0801461860537529, 0.17431554198265076, 0.04739740490913391, 0.24327360093593597, 0.19416125118732452, 0.23913975059986115, 0.1934633105993271, 0.39957934617996216, 0.1596585512161255, 0.1664183884859085, 0.12548379600048065, 0.2259998470544815, 0.05385376513004303, 0.13441196084022522, 0.19978107511997223, 0.27035242319107056, 0.25573402643203735, 0.15251530706882477, 0.05819997191429138, 0.08481741696596146, 0.02188900113105774, 0.11351082473993301, 0.3056248426437378, 0.06743615120649338, 0.12540790438652039, 0.16017287969589233, 0.23302896320819855, 0.14293551445007324, 0.04739922657608986, 0.07468290627002716, 0.2203313410282135, 0.11186226457357407, 0.08463948965072632, 0.08406084775924683, 0.26646333932876587, 0.19954873621463776, 0.03272479772567749, 0.1766231656074524], "val_losses_lm": [0.15462779998779297, 0.07673319429159164], "val_losses_cls": [0.7942610383033752, 0.07116300612688065], "val_cls_accs": [44.6, 95.6], "val_moral_token_accs": [0.0, 94.1], "training_mem_usage": [5266, 5266, 5266, 5266, 5266, 5266, 5266, 5266, 5266, 5266, 5266, 5266, 5266, 5266, 5266, 5266, 5266, 5266, 5266, 5266, 5266, 5266, 5266, 5266, 5266, 5266, 5266, 5266, 5266, 5266, 5266, 5266, 5266, 5266, 5266, 5266, 5266, 5266, 5266, 5266, 5266, 5266, 5266, 5266, 5266, 5266, 5266, 5266, 5266, 5266, 5266, 5266, 5266, 5266, 5266, 5266, 5266, 5266, 5266, 5266, 5266, 5266, 5266, 5266, 5266, 5266, 5266, 5266, 5266, 5266, 5266, 5266, 5266, 5266, 5266, 5266, 5266, 5266, 5266, 5266, 5266, 5266], "gpu_utilization": [59, 0, 0, 0, 11, 28, 44, 0, 0, 0, 0, 19, 0, 0, 0, 0, 10, 23, 0, 0, 0, 0, 5, 23, 0, 0, 0, 0, 7, 20, 0, 0, 0, 58, 80, 0, 0, 10, 31, 53, 0, 0, 0, 7, 32, 66, 0, 0, 0, 13, 33, 0, 0, 0, 0, 7, 32, 0, 0, 0, 0, 11, 25, 0, 0, 0, 0, 17, 0, 0, 0, 0, 7, 8, 0, 0, 21, 44, 77, 0, 0, 13], "val_wikitext_losses": [0.14221361950039862, 0.19553230255842208], "val_moral_completion_accs": [20.0, 36.67], "val_moral_token_accs_unmasked": [0.0, 96.0], "val_cls_accs_unmasked": [45.4, 96.7], "val_losses_cls_unmasked": [0.7787247896194458, 0.05685410648584366], "val_morality_classifcation_accs": [50.0, 56.666666666666664]}