{"train_losses_lm": [0.17079204320907593, 0.07836204767227173, 0.07254347205162048, 0.07422953099012375, 0.08737005293369293, 0.10368815064430237, 0.05942211672663689, 0.061177000403404236, 0.08158928155899048, 0.0833292081952095, 0.10440132021903992, 0.07822570949792862, 0.07052798569202423, 0.06066584587097168, 0.0636928603053093, 0.07657208293676376, 0.07995328307151794, 0.07146016508340836, 0.07547631114721298, 0.06616473197937012, 0.06207893043756485, 0.05219287797808647, 0.05861838534474373, 0.07486848533153534, 0.0553099550306797, 0.07195625454187393, 0.060298360884189606, 0.055906616151332855, 0.06067607179284096, 0.06786361336708069, 0.062045350670814514, 0.053827933967113495, 0.06975864619016647, 0.06932925432920456, 0.049132294952869415, 0.08937814086675644, 0.0837819054722786, 0.06520919501781464, 0.07491639256477356, 0.06316326558589935, 0.07414877414703369, 0.08024324476718903, 0.067233145236969, 0.07336637377738953, 0.07336878776550293, 0.06120925769209862, 0.06674332916736603, 0.07780501246452332, 0.08115391433238983, 0.0810524970293045, 0.08618758618831635, 0.06686129420995712, 0.06373628228902817, 0.07643355429172516, 0.06488686054944992, 0.06435926258563995, 0.04981432110071182, 0.055026546120643616, 0.08456453680992126, 0.08005278557538986, 0.08942475914955139, 0.07326948642730713, 0.09054580330848694, 0.0810052901506424, 0.07003632187843323, 0.06746220588684082, 0.07437153160572052, 0.06237048655748367, 0.08536157011985779, 0.07324881851673126, 0.08531162142753601, 0.06939597427845001, 0.0788365826010704, 0.0787685364484787, 0.06073740869760513, 0.07154275476932526], "train_losses_cls": [0.7508282661437988, 1.3912056684494019, 1.771915078163147, 0.8080596327781677, 0.8247338533401489, 0.8066892623901367, 0.7019984126091003, 0.797900378704071, 0.7832813262939453, 0.7442499399185181, 0.6931807398796082, 0.7262539863586426, 0.7094081044197083, 0.6880413293838501, 0.701115608215332, 0.7108427882194519, 0.6948643922805786, 0.6882860660552979, 0.7004157304763794, 0.694356381893158, 0.6835987567901611, 0.6941660642623901, 0.6970787048339844, 0.6883267164230347, 0.6814802885055542, 0.6862403154373169, 0.6839048862457275, 0.668197751045227, 0.6537030935287476, 0.6597240567207336, 0.6384854912757874, 0.6243026256561279, 0.5372573137283325, 0.48367539048194885, 0.5179789662361145, 0.5420157313346863, 0.3340945541858673, 0.7059273719787598, 0.36939093470573425, 0.6475388407707214, 0.18528741598129272, 0.5065404772758484, 0.27859222888946533, 0.3591539263725281, 0.2167709469795227, 0.565685510635376, 0.42206045985221863, 0.26189473271369934, 0.5867727994918823, 0.3269926905632019, 0.40684807300567627, 0.5079774260520935, 0.38763365149497986, 0.264398455619812, 0.14675311744213104, 0.3414062559604645, 0.093675896525383, 0.34600353240966797, 0.20175209641456604, 0.27838486433029175, 0.2705620527267456, 0.4033712148666382, 0.34291210770606995, 0.2318798154592514, 0.0820118859410286, 0.20727814733982086, 0.33267509937286377, 0.09368105232715607, 0.1454916000366211, 0.34342098236083984, 0.36569148302078247, 0.28602200746536255, 0.11561515927314758, 0.24652430415153503, 0.27287402749061584, 0.1673389971256256], "val_losses_lm": [0.15462779998779297, 0.06144721806049347], "val_losses_cls": [0.7942610383033752, 0.01642310991883278], "val_cls_accs": [44.6, 93.8], "val_moral_token_accs": [0.0, 93.4], "training_mem_usage": [5278, 6458, 6458, 6458, 6458, 6458, 6458, 6458, 6458, 6458, 6458, 6458, 6458, 6458, 6458, 6458, 6458, 6458, 6458, 6458, 6458, 6458, 6458, 6458, 6458, 6458, 6458, 6458, 6458, 6458, 6458, 6458, 6458, 6458, 6458, 6458, 6458, 6458, 6458, 6458, 6458, 6458, 6458, 6458, 6458, 6458, 6458, 6458, 6458, 6458, 6458, 6458, 6458, 6458, 6458, 6458, 6458, 6458, 6458, 6458, 6458, 6458, 6458, 6458, 6458, 6458, 6458, 6458, 6458, 6458, 6458, 6458, 6458, 6458, 6458, 6458], "gpu_utilization": [20, 0, 0, 0, 0, 0, 0, 0, 0, 62, 76, 75, 76, 77, 81, 78, 77, 0, 0, 0, 0, 0, 0, 0, 0, 0, 0, 0, 0, 0, 1, 7, 7, 1, 2, 1, 75, 77, 62, 71, 72, 64, 57, 57, 58, 55, 52, 0, 0, 0, 0, 0, 0, 0, 0, 0, 0, 0, 0, 0, 0, 0, 5, 11, 12, 11, 11, 10, 12, 18, 15, 16, 17, 19, 25, 30], "val_wikitext_losses": [0.14221361950039862, 0.17485525608062744], "val_moral_completion_accs": [20.0, 20.0], "val_moral_token_accs_unmasked": [0.0, 95.1], "val_cls_accs_unmasked": [45.4, 96.1], "val_losses_cls_unmasked": [0.7787247896194458, 0.13581156730651855], "val_morality_classifcation_accs": [50.0, 50.0]}