{"train_losses_lm": [0.17079204320907593, 0.09337662160396576, 0.08706597238779068, 0.08183564990758896, 0.11496862769126892, 0.15269483625888824, 0.1164914146065712, 0.07797501981258392, 0.08614280074834824, 0.10033794492483139, 0.11771482229232788, 0.09024619311094284, 0.0862017497420311, 0.07293370366096497, 0.08135984092950821, 0.07796592265367508, 0.09974163770675659, 0.07944269478321075, 0.08232313394546509, 0.09015083312988281, 0.08468231558799744, 0.05768299847841263, 0.07760950922966003, 0.0952419638633728, 0.06267936527729034, 0.0905936062335968, 0.07332425564527512, 0.0663391649723053, 0.0727444514632225, 0.08992679417133331, 0.07023967802524567, 0.06579086184501648, 0.07795693725347519, 0.07526835799217224, 0.0549188107252121, 0.08397121727466583, 0.08990586549043655, 0.06675080955028534, 0.07440602034330368, 0.06443260610103607, 0.07453279197216034, 0.06434798985719681, 0.06287866830825806, 0.07966785132884979, 0.0684126615524292, 0.06238503009080887, 0.06515900045633316, 0.07158789783716202, 0.07773888111114502, 0.09251218289136887, 0.08615890890359879, 0.06365480273962021, 0.06110801547765732, 0.07003647089004517, 0.05167944356799126, 0.057914238423109055, 0.039774321019649506, 0.053743984550237656, 0.07034173607826233, 0.07534044235944748, 0.0855366438627243, 0.06429477035999298, 0.08626113831996918, 0.07771472632884979, 0.06850311160087585, 0.06322550028562546, 0.06719023734331131, 0.06575099378824234, 0.08154366910457611, 0.07093247026205063, 0.08430516719818115, 0.06620505452156067, 0.0785723477602005, 0.07664836943149567, 0.05761061981320381, 0.06774669140577316, 0.052569106221199036, 0.07450117915868759, 0.0770006850361824, 0.06269440799951553, 0.07823210954666138, 0.0628458708524704, 0.08131544291973114, 0.08710373193025589], "train_losses_cls": [0.7508282661437988, 1.658199667930603, 2.129115581512451, 1.1252444982528687, 0.6949055194854736, 0.9033528566360474, 0.9370782375335693, 0.8172439336776733, 0.70779949426651, 0.7046201229095459, 0.7599655389785767, 0.7914184927940369, 0.7789556980133057, 0.7394815683364868, 0.7045127153396606, 0.6931782960891724, 0.7036688327789307, 0.722488522529602, 0.7317373752593994, 0.7287522554397583, 0.71522456407547, 0.701145350933075, 0.692546010017395, 0.6937886476516724, 0.7008287310600281, 0.7060866355895996, 0.7095943093299866, 0.706258237361908, 0.7010756731033325, 0.6975003480911255, 0.6936496496200562, 0.6935091614723206, 0.6971641778945923, 0.698151707649231, 0.6995508670806885, 0.6989891529083252, 0.6946228742599487, 0.6937018036842346, 0.6921523213386536, 0.6932563781738281, 0.695713996887207, 0.6969387531280518, 0.693667471408844, 0.6947795152664185, 0.6927239298820496, 0.6917902231216431, 0.6928609609603882, 0.692048192024231, 0.692263126373291, 0.6948189735412598, 0.692153811454773, 0.6900277137756348, 0.6903234720230103, 0.6915122270584106, 0.6911425590515137, 0.6930502653121948, 0.6917641162872314, 0.6894336342811584, 0.6867760419845581, 0.6891453266143799, 0.6810433864593506, 0.6810202598571777, 0.6836177706718445, 0.6795915365219116, 0.676165759563446, 0.672457754611969, 0.677107572555542, 0.6652135252952576, 0.6551389098167419, 0.6574662327766418, 0.6562276482582092, 0.6860339641571045, 0.6692600250244141, 0.7697629928588867, 0.6424065232276917, 0.7448902726173401, 0.7776272892951965, 0.7613184452056885, 0.7200616002082825, 0.6796563267707825, 0.6359977722167969, 0.6662787199020386, 0.6990656852722168, 0.7170237302780151], "val_losses_lm": [0.15462779998779297, 0.06828244775533676], "val_losses_cls": [0.7942610383033752, 0.5707138776779175], "val_cls_accs": [44.6, 70.7], "val_moral_token_accs": [0.0, 73.6], "training_mem_usage": [5256, 5256, 5256, 5256, 5256, 5256, 5256, 5256, 5256, 5256, 5256, 5256, 5256, 5256, 5256, 5256, 5256, 5256, 5256, 5256, 5256, 5256, 5256, 5256, 5256, 5256, 5256, 5256, 5256, 5256, 5256, 5256, 5256, 5256, 5256, 5256, 5256, 5256, 5256, 5256, 5256, 5256, 5256, 5256, 5256, 5256, 5256, 5256, 5256, 5256, 5256, 5256, 5256, 5256, 5256, 5256, 5256, 5256, 5256, 5256, 5256, 5256, 5256, 5256, 5256, 5256, 5256, 5256, 5256, 5256, 5256, 5256, 5256, 5256, 5256, 5256, 5256, 5256, 5256, 5256, 5256, 5256, 5256, 5256], "gpu_utilization": [42, 0, 0, 0, 0, 32, 0, 0, 18, 52, 78, 0, 0, 25, 59, 0, 0, 17, 46, 0, 0, 3, 24, 0, 0, 0, 0, 21, 0, 0, 0, 12, 30, 0, 0, 0, 6, 2, 0, 0, 0, 8, 0, 0, 0, 0, 4, 7, 0, 0, 0, 14, 0, 0, 33, 75, 0, 2, 25, 70, 0, 0, 7, 22, 54, 0, 0, 4, 25, 0, 0, 0, 14, 36, 0, 0, 0, 28, 0, 0, 0, 10, 1, 0], "val_wikitext_losses": [0.14221361950039862, 0.2698727212846279], "val_moral_completion_accs": [20.0, 16.67], "val_moral_token_accs_unmasked": [0.0, 76.5], "val_cls_accs_unmasked": [45.4, 78.0], "val_losses_cls_unmasked": [0.7787247896194458, 0.5530877113342285], "val_morality_classifcation_accs": [50.0, 46.666666666666664]}