{"train_losses_lm": [0.1728825718164444, 0.10541035234928131, 0.0685807392001152, 0.05083509162068367, 0.07520686089992523, 0.07836588472127914, 0.043747030198574066, 0.04472590982913971, 0.05119530111551285, 0.054875895380973816, 0.06741075217723846, 0.059218667447566986, 0.056809671223163605, 0.04752472788095474, 0.05013212189078331, 0.06408467143774033, 0.06497052311897278, 0.055679358541965485, 0.06275220215320587, 0.05781508982181549, 0.05581194907426834, 0.043377023190259933, 0.061148565262556076, 0.06524694710969925, 0.056087102741003036, 0.07345087826251984, 0.05850032716989517, 0.05446964129805565, 0.06082991138100624, 0.06131432577967644, 0.062100041657686234, 0.05100982263684273, 0.05652807652950287, 0.06358805298805237, 0.04867616295814514, 0.07178809493780136, 0.06936617940664291, 0.05471421778202057, 0.06145991012454033, 0.05309135466814041, 0.06461431086063385, 0.0590926855802536, 0.0537278838455677, 0.064578115940094, 0.06040056794881821, 0.05579308792948723, 0.057976819574832916, 0.06756767630577087, 0.06340643763542175, 0.07740682363510132, 0.06998145580291748, 0.057765476405620575, 0.05774965137243271, 0.05984412133693695, 0.05490099638700485, 0.04831958934664726, 0.04507841914892197, 0.0488094761967659, 0.07008881866931915, 0.0809701681137085, 0.07465267181396484, 0.05826549232006073, 0.08374064415693283, 0.071567103266716, 0.06347119808197021, 0.0663570761680603, 0.062197767198085785, 0.059515420347452164, 0.07796025276184082, 0.06793968379497528, 0.07811319082975388, 0.06636366248130798, 0.07888734340667725, 0.06528447568416595, 0.04989439994096756, 0.06343935430049896, 0.043921008706092834, 0.05703321099281311, 0.06263957917690277], "train_losses_cls": [1.0491423606872559, 0.6920219659805298, 0.8909865617752075, 0.8812441229820251, 0.7333269119262695, 0.7303110361099243, 0.7463725805282593, 0.7430153489112854, 0.7981070876121521, 0.738490104675293, 0.7128643989562988, 0.7167681455612183, 0.7622523903846741, 0.7541297674179077, 0.7284440398216248, 0.7521657943725586, 0.6829671859741211, 0.6848430037498474, 0.7161712050437927, 0.7183629274368286, 0.6825679540634155, 0.6912645101547241, 0.6337494254112244, 0.7557826638221741, 0.7387164235115051, 0.6639176607131958, 0.6864827871322632, 0.6958764791488647, 0.6982939839363098, 0.6861971020698547, 0.7020743489265442, 0.6785070300102234, 0.6435266733169556, 0.6660218238830566, 0.7233334183692932, 0.7025904655456543, 0.6901447176933289, 0.6666367053985596, 0.6732955574989319, 0.6853123307228088, 0.6644235849380493, 0.6677879095077515, 0.6788792610168457, 0.7023653984069824, 0.6656737923622131, 0.665702223777771, 0.6355547904968262, 0.6685235500335693, 0.6786323189735413, 0.6671311855316162, 0.6741589307785034, 0.6858436465263367, 0.6629593968391418, 0.675713300704956, 0.6422575116157532, 0.690731406211853, 0.6756179332733154, 0.6740738153457642, 0.6750873923301697, 0.6641128659248352, 0.6452972888946533, 0.621740460395813, 0.6725653409957886, 0.6439363956451416, 0.6110789775848389, 0.6657202243804932, 0.6888240575790405, 0.6419746279716492, 0.676036536693573, 0.6398496627807617, 0.67133629322052, 0.6613808870315552, 0.6465404033660889, 0.6558942198753357, 0.6462166905403137, 0.5989126563072205, 0.6447925567626953, 0.6669933795928955, 0.6438860893249512], "val_losses_lm": [0.1561177521944046, 0.04952476918697357], "val_losses_cls": [0.9299269914627075, 0.6500444412231445], "val_cls_accs": [49.5, 67.4], "val_moral_token_accs": [0.0, 63.4], "training_mem_usage": [5448, 5448, 5448, 5448, 5448, 5448, 5448, 5448, 5448, 5448, 5448, 5448, 5448, 5448, 5448, 5448, 5448, 5448, 5448, 5448, 5448, 5448, 5448, 5448, 5448, 5448, 5448, 5448, 5448, 5448, 5448, 5448, 5448, 5448, 5448, 5448, 5448, 5448, 5448, 5448, 5448, 5448, 5448, 5448, 5448, 5448, 5448, 5448, 5448, 5448, 5448, 5448, 5448, 5448, 5448, 5448, 5448, 5448, 5448, 5448, 5448, 5448, 5448, 5448, 5448, 5448, 5448, 5448, 5448, 5448, 5448, 5448, 5448, 5448, 5448, 5448, 5448, 5448, 5448], "gpu_utilization": [78, 0, 0, 0, 0, 0, 2, 14, 20, 34, 0, 0, 0, 0, 0, 0, 0, 3, 24, 30, 0, 0, 0, 0, 0, 0, 0, 0, 15, 8, 0, 0, 8, 13, 22, 30, 51, 72, 81, 0, 0, 0, 0, 1, 12, 25, 43, 61, 0, 0, 0, 0, 0, 0, 0, 3, 19, 30, 50, 0, 0, 0, 0, 0, 5, 22, 1, 0, 0, 0, 0, 0, 0, 6, 18, 26, 0, 0, 0], "val_wikitext_losses": [0.17434040680527688, 0.17240253537893296], "val_moral_completion_accs": [13.33, 6.67], "val_moral_token_accs_unmasked": [0.0, 61.8], "val_cls_accs_unmasked": [50.0, 65.7], "val_losses_cls_unmasked": [1.0531127452850342, 0.6711676120758057], "val_morality_classifcation_accs": [50.0, 46.666666666666664]}