{"train_losses_lm": [0.1472417265176773, 0.12703460454940796, 0.18143396079540253, 0.39407142996788025, 0.32750359177589417, 0.1966586709022522, 0.15514299273490906, 0.14117644727230072, 0.15797650814056396, 0.14049215614795685, 0.13657663762569427, 0.13015833497047424, 0.13299411535263062, 0.11520247906446457, 0.09825063496828079, 0.11010044813156128, 0.09811865538358688, 0.09021847695112228, 0.10164051502943039, 0.10140235722064972, 0.07319699972867966, 0.062026944011449814, 0.08424696326255798, 0.08712416142225266, 0.07539527118206024, 0.0911186933517456, 0.06828434765338898, 0.06271948665380478, 0.07291210442781448, 0.0699317678809166, 0.07500287145376205, 0.05562398582696915, 0.06668038666248322, 0.06037893146276474, 0.049951329827308655, 0.0798998549580574, 0.08362848311662674, 0.07518298178911209, 0.08649681508541107, 0.07627402991056442, 0.11388832330703735, 0.1769603192806244, 0.10074341297149658, 0.1878473460674286, 0.15464717149734497, 0.11797839403152466, 0.16852909326553345, 0.17223671078681946, 0.10853418707847595, 0.12317638099193573, 0.106252521276474, 0.0954630970954895, 0.10870972275733948, 0.12220927327871323, 0.13844075798988342, 0.10403384268283844, 0.10166826099157333, 0.10172538459300995, 0.09153812378644943, 0.0951610654592514, 0.09946802258491516, 0.08224748075008392, 0.11374591290950775, 0.09398642182350159, 0.10819000750780106, 0.1201876774430275, 0.11546814441680908, 0.08303771167993546, 0.09422779828310013, 0.09076615422964096, 0.10570629686117172, 0.09169262647628784, 0.09487943351268768], "train_losses_cls": [0.7205857038497925, 3.9915528297424316, 0.7558310031890869, 1.2617318630218506, 0.7245259881019592, 0.7385062575340271, 0.7427826523780823, 0.6958383321762085, 0.7040711045265198, 0.6993617415428162, 0.6970771551132202, 0.6890804767608643, 0.6842165589332581, 0.6853916645050049, 0.6851897835731506, 0.6852073669433594, 0.6849503517150879, 0.6858459711074829, 0.6876060962677002, 0.6784394979476929, 0.6797501444816589, 0.6837000250816345, 0.6713424921035767, 0.6863298416137695, 0.677493691444397, 0.662703275680542, 0.6677362322807312, 0.6675213575363159, 0.6631362438201904, 0.6623852252960205, 0.6620268821716309, 0.64151930809021, 0.6362956166267395, 0.6243244409561157, 0.6208721399307251, 0.6118341088294983, 0.576693058013916, 0.5325645804405212, 0.4652860760688782, 0.47303009033203125, 0.3848007321357727, 0.3622782528400421, 0.7976901531219482, 0.9195102453231812, 0.4834887981414795, 0.40505272150039673, 0.46381017565727234, 0.5135630369186401, 0.3647514581680298, 0.39069077372550964, 0.39979472756385803, 0.2898337244987488, 0.13310959935188293, 0.21603885293006897, 0.286622554063797, 0.28219103813171387, 0.08210648596286774, 0.2288222312927246, 0.08705034852027893, 0.05993892252445221, 0.09358950704336166, 0.1341082751750946, 0.24088627099990845, 0.24760356545448303, 0.016120290383696556, 0.11667351424694061, 0.39326781034469604, 0.029023127630352974, 0.10378048568964005, 0.26784682273864746, 0.23066802322864532, 0.24689404666423798, 0.021107736974954605], "val_losses_lm": [0.1269616186618805, 0.10148285329341888], "val_losses_cls": [0.772400975227356, 0.012011216953396797], "val_cls_accs": [49.8, 96.8], "val_moral_token_accs": [0.0, 96.8], "training_mem_usage": [7800, 7800, 7800, 7800, 7800, 7800, 7800, 7800, 7800, 7800, 7800, 7800, 7800, 7800, 7800, 7800, 7800, 7800, 7800, 7800, 7800, 7800, 7800, 7800, 7800, 7800, 7800, 7800, 7800, 7800, 7800, 7800, 7809, 7802, 7811, 7802, 7800, 7800, 7800, 7800, 7800, 7800, 7800, 7800, 7800, 7800, 7800, 7800, 7800, 7800, 7800, 7800, 7800, 7800, 7800, 7800, 7800, 7800, 7800, 7800, 7800, 7800, 7800, 7800, 7800, 7800, 7800, 7800, 7800, 7800, 7800, 7800, 7800], "gpu_utilization": [34, 85, 83, 82, 90, 84, 82, 82, 78, 75, 73, 62, 62, 58, 48, 44, 52, 44, 48, 43, 38, 43, 37, 32, 86, 59, 42, 27, 22, 23, 21, 18, 13, 0, 91, 10, 1, 0, 99, 97, 94, 95, 92, 92, 89, 86, 81, 72, 60, 27, 17, 5, 0, 0, 0, 0, 69, 35, 10, 0, 71, 44, 25, 79, 88, 79, 80, 80, 82, 85, 82, 78, 61], "val_wikitext_losses": [0.1352122336626053, 0.2182172305881977], "val_moral_completion_accs": [46.67, 60.0], "val_moral_token_accs_unmasked": [0.0, 96.89999999999999], "val_cls_accs_unmasked": [51.0, 97.2], "val_losses_cls_unmasked": [0.7340794205665588, 0.009934565052390099], "val_morality_classifcation_accs": [50.0, 53.333333333333336]}