{"train_losses_lm": [0.1472417265176773, 0.12505362927913666, 0.11350759863853455, 0.11519482731819153, 0.13664446771144867, 0.13219746947288513, 0.11439444124698639, 0.09494829177856445, 0.10296891629695892, 0.11042919754981995, 0.10767710208892822, 0.09806221723556519, 0.08609245717525482, 0.0742851048707962, 0.06339922547340393, 0.08294878900051117, 0.0724678561091423, 0.06239781901240349, 0.0742197334766388, 0.07033999264240265, 0.0508575364947319, 0.047956306487321854, 0.06320342421531677, 0.06743017584085464, 0.059909380972385406, 0.07376982271671295, 0.061573535203933716, 0.05560222640633583, 0.05987374484539032, 0.06369876116514206, 0.06820723414421082, 0.058463774621486664, 0.06666296720504761, 0.058467745780944824, 0.051180802285671234, 0.07191034406423569, 0.0807683989405632, 0.06281821429729462, 0.05517300218343735, 0.06105189770460129, 0.07240211963653564, 0.0767492726445198, 0.05590590834617615, 0.07908256351947784, 0.06836871802806854, 0.06562836468219757, 0.061574362218379974, 0.05912778154015541, 0.057997941970825195, 0.06972099840641022, 0.06151013821363449, 0.05268444865942001, 0.05410151183605194, 0.04850566387176514, 0.04759276658296585, 0.04894387349486351, 0.04039532691240311, 0.04607752338051796, 0.05598573014140129, 0.06210681051015854], "train_losses_cls": [0.7205857038497925, 2.368948221206665, 1.5151910781860352, 0.6840925216674805, 0.6935097575187683, 0.7064347863197327, 0.7239088416099548, 0.7087180614471436, 0.7082812786102295, 0.6883285045623779, 0.6771683692932129, 0.6741506457328796, 0.6776601076126099, 0.673430323600769, 0.6753678917884827, 0.672635018825531, 0.6554756164550781, 0.637935996055603, 0.6551212072372437, 0.6361287832260132, 0.6192481517791748, 0.6054639220237732, 0.5772437453269958, 0.55609530210495, 0.5181838274002075, 0.485301673412323, 0.3920365571975708, 0.2889918088912964, 0.15932467579841614, 0.2305464893579483, 0.07851626724004745, 0.020384985953569412, 0.231485977768898, 0.17438635230064392, 0.46293938159942627, 0.18143948912620544, 0.35669875144958496, 0.03726522624492645, 0.19499459862709045, 0.7151521444320679, 0.3736482560634613, 0.11428461968898773, 0.18246395885944366, 0.5021454095840454, 0.4364204406738281, 0.40048158168792725, 0.19185186922550201, 0.3046211898326874, 0.232242614030838, 0.22805771231651306, 0.29733866453170776, 0.30442488193511963, 0.23199626803398132, 0.15233322978019714, 0.1727079302072525, 0.19817358255386353, 0.04234401509165764, 0.27286046743392944, 0.09171155840158463, 0.05808224901556969], "val_losses_lm": [0.1269616186618805, 0.04781259596347809], "val_losses_cls": [0.772400975227356, 0.0287325382232666], "val_cls_accs": [49.8, 97.1], "val_moral_token_accs": [0.0, 94.6], "training_mem_usage": [9066, 11796, 12582, 12582, 12582, 12582, 12582, 12582, 12582, 12582, 12582, 12582, 12582, 12582, 12582, 12582, 12582, 12582, 12582, 12582, 12582, 12582, 12582, 12582, 12582, 12582, 12582, 12582, 12582, 12582, 12582, 12582, 12582, 12582, 12582, 12582, 12582, 12582, 12582, 12582, 12582, 12582, 12582, 12582, 12582, 12582, 12582, 12582, 12582, 12582, 12582, 12582, 12582, 12582, 12582, 12582, 12582, 12582, 12582, 12582], "gpu_utilization": [87, 85, 85, 78, 80, 80, 99, 79, 99, 77, 99, 78, 99, 77, 99, 77, 99, 78, 99, 78, 99, 79, 99, 76, 99, 76, 11, 77, 13, 99, 75, 99, 74, 99, 72, 99, 68, 99, 70, 99, 78, 99, 68, 99, 73, 99, 99, 70, 99, 72, 99, 78, 99, 79, 99, 76, 99, 99, 77, 100], "val_wikitext_losses": [0.1352122336626053, 0.14290031418204308], "val_moral_completion_accs": [46.67, 46.67], "val_moral_token_accs_unmasked": [0.0, 94.5], "val_cls_accs_unmasked": [51.0, 97.89999999999999], "val_losses_cls_unmasked": [0.7340794205665588, 0.03235774114727974], "val_morality_classifcation_accs": [50.0, 60.0]}