{"train_losses_lm": [0.1472417265176773, 0.21810922026634216, 1.0614333152770996, 1.370518684387207, 1.292135238647461, 0.9343019127845764, 0.4707353115081787, 0.23811128735542297, 0.2830803096294403, 0.4072417914867401, 0.2330249845981598, 0.1553744673728943, 0.16972172260284424, 0.19571660459041595, 0.18787071108818054, 0.17966729402542114, 0.17738762497901917, 0.14060944318771362, 0.15370604395866394, 0.12408071756362915, 0.10519541800022125, 0.09078419208526611, 0.1107790470123291, 0.11918565630912781, 0.09934048354625702, 0.12281526625156403, 0.09308423846960068, 0.09152574837207794, 0.12163089960813522, 0.11390319466590881, 0.2964417338371277, 0.1318206638097763, 0.18788310885429382, 0.1838662028312683, 0.1343652307987213, 0.12287316471338272, 0.11009051650762558, 0.07723964750766754, 0.08623498678207397, 0.07398460805416107, 0.10281875729560852, 0.09287791699171066, 0.08940279483795166, 0.11734677851200104, 0.13448621332645416, 0.09104573726654053, 0.12169800698757172, 0.1269546002149582, 0.10670862346887589, 0.12080685794353485, 0.11639122664928436, 0.08726267516613007, 0.1026185154914856, 0.09157906472682953, 0.07480673491954803, 0.07581635564565659, 0.06099345162510872, 0.06441532075405121, 0.08216366916894913, 0.08833453059196472, 0.09060709178447723, 0.08017407357692719, 0.11496862769126892, 0.10106350481510162, 0.1029946506023407, 0.09176070243120193, 0.10043171048164368, 0.07801659405231476, 0.0916355550289154, 0.0807809829711914, 0.09413816034793854, 0.08050678670406342, 0.10825201869010925, 0.08886359632015228, 0.06645528227090836, 0.06761816889047623, 0.05961829423904419, 0.06826747953891754, 0.07740438729524612, 0.05829526484012604, 0.06502819806337357], "train_losses_cls": [0.7205857038497925, 5.925788402557373, 1.724537968635559, 0.8575267791748047, 0.6987132430076599, 0.8597794771194458, 0.9415478706359863, 0.7120054960250854, 0.669524073600769, 0.7762014865875244, 0.700951337814331, 0.9284217357635498, 0.7108162045478821, 0.7234375476837158, 0.7128993272781372, 0.6766942739486694, 0.6802275776863098, 0.6781936883926392, 0.6953727602958679, 0.6698948740959167, 0.6804234385490417, 0.6830169558525085, 0.6677334308624268, 0.6762334704399109, 0.6632239818572998, 0.6523767709732056, 0.5964483618736267, 0.5658231973648071, 0.7733714580535889, 0.6541889905929565, 0.6145763397216797, 0.6233775615692139, 0.6537728309631348, 0.5917607545852661, 0.6389768123626709, 0.6276390552520752, 0.5739994049072266, 0.5313851833343506, 0.40870872139930725, 0.42472970485687256, 0.3426346182823181, 0.32837581634521484, 0.1933732032775879, 0.4872773587703705, 0.10266579687595367, 0.18293286859989166, 0.09962530434131622, 0.33562907576560974, 0.1999717652797699, 0.10236811637878418, 0.10806922614574432, 0.16419583559036255, 0.13874608278274536, 0.11496538668870926, 0.16609463095664978, 0.17478226125240326, 0.011202286928892136, 0.21495676040649414, 0.13664601743221283, 0.15106900036334991, 0.24831479787826538, 0.012146351858973503, 0.10455743968486786, 0.15705813467502594, 0.01931580901145935, 0.06746595352888107, 0.15622645616531372, 0.04228329658508301, 0.08954069018363953, 0.20152506232261658, 0.15799446403980255, 0.28750866651535034, 0.09422086924314499, 0.06518803536891937, 0.06852378696203232, 0.1423414945602417, 0.07016163319349289, 0.12170454114675522, 0.37156641483306885, 0.14063633978366852, 0.13267412781715393], "val_losses_lm": [0.1269616186618805, 0.07699207961559296], "val_losses_cls": [0.772400975227356, 0.14570602774620056], "val_cls_accs": [49.8, 91.7], "val_moral_token_accs": [0.0, 95.6], "training_mem_usage": [6182, 6182, 6182, 6182, 6182, 6182, 6182, 6182, 6182, 6182, 6182, 6182, 6182, 6182, 6182, 6182, 6182, 6182, 6182, 6182, 6182, 6182, 6182, 6182, 6182, 6182, 6182, 6182, 6182, 6182, 6182, 6182, 6182, 6182, 6182, 6182, 6182, 6182, 6182, 6182, 6182, 6182, 6182, 6182, 6182, 6182, 6182, 6182, 6182, 6182, 6182, 6182, 6182, 6182, 6182, 6182, 6182, 6182, 6182, 6182, 6182, 6182, 6182, 6182, 6182, 6182, 6182, 6182, 6182, 6182, 6182, 6182, 6182, 6182, 6182, 6182, 6182, 6182, 6182, 6182, 6182], "gpu_utilization": [62, 48, 78, 87, 0, 0, 12, 28, 55, 79, 0, 0, 0, 13, 31, 57, 80, 0, 0, 0, 20, 37, 69, 0, 0, 0, 10, 28, 55, 0, 0, 0, 0, 13, 34, 5, 0, 0, 0, 4, 24, 22, 0, 0, 0, 0, 83, 93, 0, 9, 23, 44, 73, 88, 0, 0, 16, 29, 56, 80, 0, 0, 1, 17, 37, 65, 84, 0, 0, 3, 20, 40, 68, 0, 0, 0, 3, 16, 35, 62, 0], "val_wikitext_losses": [0.1352122336626053, 0.24625348970293998], "val_moral_completion_accs": [46.67, 33.33], "val_moral_token_accs_unmasked": [0.0, 96.89999999999999], "val_cls_accs_unmasked": [51.0, 90.9], "val_losses_cls_unmasked": [0.7340794205665588, 0.19477170705795288], "val_morality_classifcation_accs": [50.0, 53.333333333333336]}