{"train_losses_lm": [0.5206142663955688, 0.5558198690414429, 0.48126092553138733, 0.442604660987854, 0.35584527254104614, 0.3286861777305603, 0.326011061668396, 0.28960007429122925, 0.337851345539093, 0.2543773651123047, 0.27840662002563477, 0.240194633603096, 0.22973613440990448, 0.18830588459968567, 0.2009308636188507, 0.21271386742591858, 0.2117694765329361, 0.16522574424743652, 0.2032550424337387, 0.20450228452682495, 0.19811195135116577, 0.17186784744262695, 0.1972998082637787, 0.2155802845954895, 0.19217625260353088, 0.21185554563999176, 0.219991534948349, 0.19078445434570312, 0.22487923502922058, 0.21305198967456818, 0.23862658441066742, 0.18063119053840637, 0.20831066370010376, 0.23515468835830688, 0.1743127405643463, 0.21572734415531158, 0.23058444261550903, 0.20438043773174286, 0.19706827402114868, 0.17634466290473938, 0.2014673352241516, 0.20386603474617004, 0.20346596837043762, 0.20509272813796997, 0.20160451531410217, 0.19050443172454834, 0.20583251118659973, 0.19063808023929596, 0.21757450699806213, 0.19980651140213013, 0.22349953651428223, 0.17930035293102264, 0.20523206889629364, 0.20813368260860443, 0.19479387998580933, 0.18800273537635803, 0.17206774652004242, 0.16595333814620972, 0.1852778196334839, 0.205134317278862, 0.2145618200302124, 0.17939433455467224, 0.2391340136528015, 0.1932472586631775, 0.17302671074867249, 0.18243402242660522], "train_losses_cls": [0.7299727201461792, 0.8059638738632202, 0.7503820061683655, 0.6899324059486389, 0.8438377380371094, 0.7048722505569458, 0.6797389388084412, 0.7373861074447632, 0.7349059581756592, 0.8339512348175049, 0.7785152792930603, 0.7062649726867676, 0.7781456708908081, 0.7422117590904236, 0.7638602256774902, 0.6964642405509949, 0.7208982706069946, 0.7190574407577515, 0.6895982027053833, 0.6967775821685791, 0.681006133556366, 0.7176306843757629, 0.7150946855545044, 0.6952430009841919, 0.7454016804695129, 0.7269065976142883, 0.7078242301940918, 0.7206248044967651, 0.6914546489715576, 0.6585872769355774, 0.714608907699585, 0.6965576410293579, 0.6808052659034729, 0.6902405619621277, 0.7134928703308105, 0.6815775632858276, 0.6995506286621094, 0.7392141222953796, 0.6906046271324158, 0.716361403465271, 0.6733449101448059, 0.7118766903877258, 0.7035679817199707, 0.6968836784362793, 0.761447548866272, 0.6606653928756714, 0.6672434210777283, 0.6995038986206055, 0.684473991394043, 0.6561450362205505, 0.7326000928878784, 0.6947379112243652, 0.6682696342468262, 0.7072463035583496, 0.6797728538513184, 0.7104259729385376, 0.6698676347732544, 0.689423680305481, 0.7328575849533081, 0.6814258694648743, 0.7026252150535583, 0.7178751826286316, 0.7048420906066895, 0.6884568333625793, 0.6843858361244202, 0.6743319034576416], "val_losses_lm": [0.5257247686386108, 0.15406399965286255], "val_losses_cls": [0.7035109400749207, 0.7029052972793579], "val_cls_accs": [51.4, 55.2], "val_moral_token_accs": [0.0, 0.0], "training_mem_usage": [8834, 8834, 8834, 8834, 8834, 8834, 8834, 8834, 8834, 8834, 8834, 8834, 8834, 8834, 8834, 8834, 8834, 8834, 8834, 8834, 8834, 8834, 8834, 8834, 8834, 8834, 8834, 8834, 8834, 8834, 8834, 8834, 8834, 8834, 8834, 8834, 8834, 8834, 8834, 8843, 8906, 8834, 8834, 8834, 8834, 8834, 8834, 8834, 8834, 8834, 8834, 8834, 8834, 8834, 8834, 8834, 8834, 8834, 8834, 8834, 8834, 8834, 8834, 8834, 8834, 8834], "gpu_utilization": [32, 0, 81, 33, 70, 91, 100, 80, 37, 100, 97, 75, 29, 100, 92, 67, 20, 100, 80, 36, 6, 98, 77, 24, 4, 89, 56, 12, 98, 100, 99, 80, 50, 100, 100, 79, 36, 100, 91, 60, 99, 89, 46, 8, 96, 59, 14, 100, 81, 36, 4, 97, 73, 29, 0, 22, 100, 93, 66, 24, 100, 91, 62, 18, 100, 86], "val_wikitext_losses": [0.4071894079446793, 0.2719536408782005], "val_moral_completion_accs": [23.33, 13.33], "val_moral_token_accs_unmasked": [0.0, 0.0], "val_cls_accs_unmasked": [50.3, 56.10000000000001], "val_losses_cls_unmasked": [0.7861611843109131, 0.6570594310760498], "val_morality_classifcation_accs": [56.666666666666664, 50.0]}