{"prefix_model_64": {"train_losses_lm": [0.19024716317653656, 0.1751309335231781, 0.15231478214263916, 0.1767827868461609, 0.16493424773216248, 0.165205717086792, 0.16201092302799225, 0.1552862972021103, 0.16453641653060913], "train_losses_cls": [0.6949974298477173, 0.7405953407287598, 0.6953074336051941, 0.7009648084640503, 0.7154509425163269, 0.7060691714286804, 0.6916295289993286, 0.6915240287780762, 0.6975841522216797], "val_losses_lm": [0.15869413316249847], "val_losses_cls": [0.6996431350708008], "val_cls_accs": [50.0], "val_moral_token_accs": [0.0], "training_mem_usage": [23606, 23580, 23580, 23580, 23580, 23580, 23625, 23625, 23624], "gpu_utilization": [52, 97, 100, 84, 33, 0, 84, 64, 100]}, "prefix_model_50": {"train_losses_lm": [0.18726623058319092, 0.17113909125328064, 0.14628252387046814, 0.18141481280326843, 0.16427043080329895, 0.16662871837615967, 0.166259765625, 0.15709370374679565, 0.16253779828548431, 0.16194666922092438, 0.15067759156227112, 0.15724298357963562], "train_losses_cls": [0.69318026304245, 0.7389976382255554, 0.6905487775802612, 0.7154607176780701, 0.7164368629455566, 0.6973921060562134, 0.6879825592041016, 0.6968332529067993, 0.7033841013908386, 0.6961936950683594, 0.6871573328971863, 0.6855106353759766], "val_losses_lm": [0.16514770686626434], "val_losses_cls": [0.6881923079490662], "val_cls_accs": [50.0], "val_moral_token_accs": [0.0], "training_mem_usage": [23625, 23624, 23624, 23624, 23624, 23623, 23624, 23624, 23624, 23624, 23624, 23624], "gpu_utilization": [100, 100, 100, 96, 14, 55, 19, 100, 100, 85, 0, 100]}, "base_model": {"train_losses_lm": [0.16319122910499573, 0.07687047123908997, 0.08386033028364182, 0.059460632503032684, 0.052713628858327866, 0.05737899988889694, 0.05972905457019806, 0.05327488109469414, 0.05441051721572876, 0.05175388976931572, 0.055815689265728, 0.06360849738121033, 0.10413804650306702, 0.08539341390132904], "train_losses_cls": [0.6970021724700928, 0.6935397386550903, 0.692407488822937, 0.6933070421218872, 0.6926892995834351, 0.690719485282898, 0.6885174512863159, 0.6850460767745972, 0.6762088537216187, 0.6499908566474915, 0.5436007380485535, 0.3728543221950531, 0.5773555636405945, 0.5612896680831909], "val_losses_lm": [0.06985286623239517], "val_losses_cls": [0.32555335760116577], "val_cls_accs": [89.1], "val_moral_token_accs": [88.3], "training_mem_usage": [23625, 23625, 23625, 23623, 23624, 23624, 23624, 23624, 23624, 23624, 23624, 23624, 23625, 23625], "gpu_utilization": [88, 42, 100, 0, 31, 59, 13, 59, 100, 68, 100, 32, 100, 0]}, "lora_model_rank_1": {"train_losses_lm": [0.16319122910499573, 0.1484292447566986, 0.11014248430728912, 0.11816716194152832, 0.09533702582120895, 0.09575366973876953, 0.09093442559242249, 0.08317358791828156, 0.07871942222118378, 0.07104785740375519, 0.06053399294614792, 0.06391564011573792, 0.0587967149913311], "train_losses_cls": [0.6930369138717651, 0.6924651861190796, 0.6918014287948608, 0.6908831596374512, 0.6907323598861694, 0.6897449493408203, 0.6885749101638794, 0.6882337331771851, 0.6871781349182129, 0.6858609914779663, 0.6843384504318237, 0.6843042373657227, 0.6834229826927185], "val_losses_lm": [0.06185523420572281], "val_losses_cls": [0.679588258266449], "val_cls_accs": [77.4], "val_moral_token_accs": [70.6], "training_mem_usage": [23625, 23625, 23625, 23625, 23625, 23625, 23625, 23625, 23625, 23625, 23625, 23625, 23625], "gpu_utilization": [100, 85, 36, 48, 1, 90, 17, 100, 100, 26, 95, 0, 67]}, "lora_model_rank_2": {"train_losses_lm": [0.16319122910499573, 0.13234075903892517, 0.08642574399709702, 0.08815234899520874, 0.06176885962486267, 0.0620700940489769, 0.06197631359100342, 0.062161751091480255, 0.06458549201488495, 0.06440079212188721, 0.059689711779356, 0.061729900538921356, 0.05945185571908951, 0.05883011966943741, 0.06005001813173294], "train_losses_cls": [0.6935214400291443, 0.6923987865447998, 0.6918265223503113, 0.691096305847168, 0.6907298564910889, 0.6897565722465515, 0.6889230608940125, 0.6886557340621948, 0.6878947019577026, 0.6860388517379761, 0.6844801902770996, 0.6832253932952881, 0.680698812007904, 0.6794049739837646, 0.6761415004730225], "val_losses_lm": [0.05756507068872452], "val_losses_cls": [0.6667904257774353], "val_cls_accs": [85.2], "val_moral_token_accs": [86.1], "training_mem_usage": [23624, 23623, 23623, 23623, 23623, 23623, 23624, 23624, 23624, 23624, 23624, 23624, 23624, 23624, 23624], "gpu_utilization": [64, 0, 87, 99, 71, 69, 100, 3, 16, 31, 24, 80, 100, 16, 0]}, "adapter_model_8": {"train_losses_lm": [0.16319122910499573, 0.13425162434577942, 0.08869972079992294, 0.09309370815753937, 0.0668545812368393, 0.06642968952655792, 0.06419175118207932, 0.06091011315584183, 0.062210679054260254, 0.06339661777019501, 0.05659860372543335, 0.05948986858129501, 0.05684107542037964, 0.05843864381313324, 0.060115642845630646], "train_losses_cls": [0.6966392397880554, 0.6936484575271606, 0.6924381256103516, 0.6918195486068726, 0.6922323107719421, 0.6918530464172363, 0.6914652585983276, 0.6910456418991089, 0.6891859769821167, 0.6891233325004578, 0.6881132125854492, 0.6873576045036316, 0.6872612237930298, 0.6864767074584961, 0.685420036315918], "val_losses_lm": [0.05785679817199707], "val_losses_cls": [0.6817442774772644], "val_cls_accs": [61.3], "val_moral_token_accs": [71.6], "training_mem_usage": [23631, 23630, 23630, 23630, 23630, 23630, 23630, 23629, 23629, 23629, 23630, 23630, 23630, 23630, 23629], "gpu_utilization": [100, 36, 90, 0, 6, 86, 10, 40, 23, 0, 77, 17, 31, 100, 40]}, "adapter_model_32": {"train_losses_lm": [0.16319122910499573, 0.09197880327701569, 0.04176101088523865, 0.0587688684463501, 0.04619810730218887, 0.054689615964889526, 0.057084113359451294, 0.05526553839445114, 0.05643860995769501, 0.05220469832420349, 0.04952199384570122, 0.0506863109767437, 0.05192260071635246, 0.04882216453552246, 0.052042536437511444, 0.05648854002356529], "train_losses_cls": [0.6945509910583496, 0.6928232908248901, 0.692082405090332, 0.691565215587616, 0.6917766332626343, 0.6902402639389038, 0.6886762976646423, 0.6877605319023132, 0.6862936019897461, 0.6840825080871582, 0.6800627708435059, 0.6771234273910522, 0.6718530654907227, 0.6633083820343018, 0.6449428796768188, 0.6134027242660522], "val_losses_lm": [0.05262817069888115], "val_losses_cls": [0.5459712147712708], "val_cls_accs": [93.89999999999999], "val_moral_token_accs": [92.2], "training_mem_usage": [23649, 23653, 23652, 23652, 23653, 23652, 23652, 23652, 23652, 23651, 23651, 23651, 23652, 23653, 23653, 23653], "gpu_utilization": [100, 7, 52, 25, 2, 80, 0, 77, 80, 0, 75, 0, 20, 24, 1, 30]}}