{"prefix_model_64": {"train_losses_lm": [0.19024716317653656, 0.1751481145620346, 0.15247605741024017, 0.17654632031917572, 0.16463077068328857, 0.1645958423614502, 0.1610540896654129, 0.15436223149299622, 0.163497194647789, 0.15671180188655853, 0.1563631296157837, 0.15803343057632446, 0.15152832865715027, 0.15336547791957855, 0.14992794394493103, 0.14599154889583588, 0.16287970542907715, 0.1404879093170166, 0.13129761815071106, 0.14476534724235535], "train_losses_cls": [0.6949974298477173, 0.7406996488571167, 0.6953202486038208, 0.7009873390197754, 0.7154976725578308, 0.706041693687439, 0.6916732788085938, 0.6915392875671387, 0.6978074908256531, 0.6996837854385376, 0.6938600540161133, 0.6881293058395386, 0.6854857206344604, 0.688552737236023, 0.6920754909515381, 0.6889902949333191, 0.68528151512146, 0.6833996772766113, 0.6821802854537964, 0.6848777532577515], "val_losses_lm": [0.1369234174489975], "val_losses_cls": [0.6818472146987915], "val_cls_accs": [50.0], "val_moral_token_accs": [0.0], "training_mem_usage": [12679, 15037, 15037, 15037, 15037, 15037, 15037, 15037, 15037, 15037, 15037, 15037, 15037, 15037, 15037, 15037, 15037, 15037, 15037, 15037], "gpu_utilization": [78, 40, 65, 56, 44, 82, 75, 66, 60, 48, 51, 44, 33, 25, 21, 58, 59, 55, 54, 50]}, "prefix_model_50": {"train_losses_lm": [0.18726623058319092, 0.17105764150619507, 0.14637678861618042, 0.18158552050590515, 0.16409426927566528, 0.16639354825019836, 0.16559544205665588, 0.15668374300003052, 0.16184984147548676, 0.16135013103485107, 0.14991973340511322, 0.1564919352531433, 0.15152664482593536, 0.15637293457984924, 0.15516570210456848, 0.15128874778747559, 0.15710195899009705, 0.14757557213306427, 0.13822275400161743, 0.14903973042964935], "train_losses_cls": [0.69318026304245, 0.7388933897018433, 0.6905165910720825, 0.7155353426933289, 0.7165114283561707, 0.6973480582237244, 0.6880475878715515, 0.6969897150993347, 0.7031468749046326, 0.696039617061615, 0.6872026324272156, 0.6856789588928223, 0.6881132125854492, 0.6916077136993408, 0.6901295185089111, 0.6849111318588257, 0.6830542087554932, 0.6854550242424011, 0.6826201677322388, 0.6852865219116211], "val_losses_lm": [0.1533290594816208], "val_losses_cls": [0.6790822148323059], "val_cls_accs": [54.300000000000004], "val_moral_token_accs": [0.0], "training_mem_usage": [12961, 12961, 12961, 12961, 12961, 12961, 12961, 12961, 12961, 12961, 12961, 12961, 12961, 12961, 12961, 12961, 12961, 12961, 12961, 12961], "gpu_utilization": [66, 44, 71, 63, 56, 51, 50, 74, 67, 59, 50, 48, 40, 23, 13, 51, 50, 78, 70, 63]}, "base_model": {"train_losses_lm": [0.16319122910499573, 0.07687047123908997, 0.08386033028364182, 0.059460632503032684, 0.052713628858327866, 0.05737899988889694, 0.05972905457019806, 0.05327488109469414, 0.05441051721572876, 0.05175388976931572, 0.055815689265728, 0.06360849738121033, 0.10413804650306702, 0.08539341390132904, 0.06742586195468903, 0.06541910767555237, 0.07924697548151016, 0.060196083039045334, 0.049866896122694016], "train_losses_cls": [0.6970021724700928, 0.6935397386550903, 0.692407488822937, 0.6933070421218872, 0.6926892995834351, 0.690719485282898, 0.6885174512863159, 0.6850460767745972, 0.6762088537216187, 0.6499908566474915, 0.5436007380485535, 0.3728543221950531, 0.5773555636405945, 0.5612896680831909, 0.30476900935173035, 0.26756125688552856, 0.2802823781967163, 0.2705560624599457, 0.20076267421245575], "val_losses_lm": [0.061578214168548584], "val_losses_cls": [0.2692909836769104], "val_cls_accs": [94.8], "val_moral_token_accs": [94.1], "training_mem_usage": [13989, 16349, 16349, 16349, 16349, 16349, 16349, 16349, 16349, 16349, 16349, 16349, 16349, 16349, 16349, 16349, 16349, 16349, 16349], "gpu_utilization": [99, 60, 51, 71, 54, 51, 34, 56, 51, 36, 17, 47, 51, 79, 71, 59, 51, 80, 66]}, "lora_model_rank_1": {"train_losses_lm": [0.16319122910499573, 0.1484292447566986, 0.11014248430728912, 0.11816716194152832, 0.09533702582120895, 0.09575366973876953, 0.09093442559242249, 0.08317358791828156, 0.07871942222118378, 0.07104785740375519, 0.06053399294614792, 0.06391564011573792, 0.0587967149913311, 0.058942973613739014, 0.06037948653101921, 0.06216272711753845, 0.07062980532646179, 0.061724863946437836, 0.04882015287876129, 0.06581957638263702, 0.07718392461538315], "train_losses_cls": [0.6930369138717651, 0.6924651861190796, 0.6918014287948608, 0.6908831596374512, 0.6907323598861694, 0.6897449493408203, 0.6885749101638794, 0.6882337331771851, 0.6871781349182129, 0.6858609914779663, 0.6843384504318237, 0.6843042373657227, 0.6834229826927185, 0.6830523014068604, 0.6816586852073669, 0.6785833239555359, 0.6795635223388672, 0.6795051097869873, 0.6735385656356812, 0.6709758639335632, 0.6650820374488831], "val_losses_lm": [0.06109524890780449], "val_losses_cls": [0.6568509340286255], "val_cls_accs": [83.3], "val_moral_token_accs": [85.0], "training_mem_usage": [13643, 16001, 16001, 16001, 16001, 16001, 16001, 16001, 16001, 16001, 16001, 16001, 16001, 16001, 16001, 16001, 16001, 16001, 16001, 16001, 16001], "gpu_utilization": [70, 17, 17, 24, 31, 35, 42, 80, 82, 51, 51, 51, 50, 50, 50, 50, 47, 50, 50, 51, 50]}, "lora_model_rank_2": {"train_losses_lm": [0.16319122910499573, 0.13234075903892517, 0.08642574399709702, 0.08815234899520874, 0.06176885962486267, 0.0620700940489769, 0.06197631359100342, 0.062161751091480255, 0.06458549201488495, 0.06440079212188721, 0.059689711779356, 0.061729900538921356, 0.05945185571908951, 0.05883011966943741, 0.06005001813173294, 0.06193786859512329, 0.06858710199594498, 0.05775242671370506, 0.04517403990030289, 0.0644073411822319], "train_losses_cls": [0.6935214400291443, 0.6923987865447998, 0.6918265223503113, 0.691096305847168, 0.6907298564910889, 0.6897565722465515, 0.6889230608940125, 0.6886557340621948, 0.6878947019577026, 0.6860388517379761, 0.6844801902770996, 0.6832253932952881, 0.680698812007904, 0.6794049739837646, 0.6761415004730225, 0.6694652438163757, 0.6677049398422241, 0.6636565923690796, 0.6495384573936462, 0.633129358291626], "val_losses_lm": [0.05620243772864342], "val_losses_cls": [0.6053383350372314], "val_cls_accs": [89.2], "val_moral_token_accs": [91.9], "training_mem_usage": [14113, 16473, 16473, 16473, 16473, 16473, 16473, 16473, 16473, 16473, 16473, 16473, 16473, 16473, 16473, 16473, 16473, 16473, 16473, 16473], "gpu_utilization": [48, 40, 45, 41, 40, 41, 42, 44, 43, 46, 80, 82, 82, 79, 48, 45, 44, 45, 42, 38]}, "adapter_model_8": {"train_losses_lm": [0.16319122910499573, 0.13425162434577942, 0.08869972079992294, 0.09309370815753937, 0.0668545812368393, 0.06642968952655792, 0.06419175118207932, 0.06091011315584183, 0.062210679054260254, 0.06339661777019501, 0.05659860372543335, 0.05948986858129501, 0.05684107542037964, 0.05843864381313324, 0.060115642845630646, 0.06034236401319504, 0.06728808581829071, 0.056284718215465546, 0.04452461004257202, 0.062245529145002365], "train_losses_cls": [0.6966392397880554, 0.6936484575271606, 0.6924381256103516, 0.6918195486068726, 0.6922323107719421, 0.6918530464172363, 0.6914652585983276, 0.6910456418991089, 0.6891859769821167, 0.6891233325004578, 0.6881132125854492, 0.6873576045036316, 0.6872612237930298, 0.6864767074584961, 0.685420036315918, 0.6830465793609619, 0.6843048930168152, 0.6830925941467285, 0.6784054636955261, 0.6766915321350098], "val_losses_lm": [0.054081082344055176], "val_losses_cls": [0.6704776287078857], "val_cls_accs": [78.10000000000001], "val_moral_token_accs": [80.60000000000001], "training_mem_usage": [14679, 17037, 17037, 17037, 17037, 17037, 17037, 17037, 17037, 17037, 17037, 17037, 17037, 17037, 17037, 17037, 17037, 17037, 17037, 17037], "gpu_utilization": [62, 5, 53, 51, 51, 50, 51, 50, 46, 45, 40, 37, 70, 70, 71, 38, 40, 71, 65, 62]},