{"prefix_model_64": {"train_losses_lm": [0.16259023547172546, 0.15449158847332, 0.13283711671829224, 0.15441003441810608, 0.1433088481426239, 0.1449195295572281, 0.14213554561138153, 0.13488131761550903, 0.14499713480472565, 0.13818290829658508, 0.1355482041835785, 0.13862815499305725, 0.1334468126296997, 0.13462254405021667, 0.1323571503162384, 0.12847162783145905, 0.14438027143478394, 0.12362363189458847, 0.11378389596939087, 0.12820780277252197, 0.13406908512115479, 0.12632498145103455, 0.12810805439949036, 0.12624353170394897, 0.12388978898525238, 0.10395745933055878, 0.1153237521648407, 0.11214280128479004, 0.11039309948682785, 0.11649094521999359], "train_losses_cls": [0.6991016864776611, 0.7064752578735352, 0.6968017816543579, 0.6846306324005127, 0.6942760348320007, 0.6947826743125916, 0.6869375109672546, 0.6853927373886108, 0.6859824657440186, 0.6873506307601929, 0.6828774213790894, 0.6811584830284119, 0.6791462898254395, 0.682479739189148, 0.6815330982208252, 0.6776076555252075, 0.6766284704208374, 0.6768702864646912, 0.6753897666931152, 0.6761921644210815, 0.6711022257804871, 0.6652997732162476, 0.6720179319381714, 0.6709259748458862, 0.6688307523727417, 0.6643235683441162, 0.6569085121154785, 0.6701679229736328, 0.6634643077850342, 0.665767252445221], "val_losses_lm": [0.10227017849683762], "val_losses_cls": [0.6511956453323364], "val_cls_accs": [69.5], "val_moral_token_accs": [1.9], "training_mem_usage": [23652, 23652, 23652, 23652, 23652, 23652, 23652, 23652, 23652, 23652, 23652, 23653, 23655, 23655, 23655, 23655, 23654, 23652, 23652, 23652, 23653, 23653, 23653, 23653, 23653, 23653, 23653, 23653, 23653, 23653], "gpu_utilization": [10, 27, 67, 100, 100, 100, 58, 100, 0, 48, 100, 9, 29, 47, 100, 73, 100, 99, 100, 16, 100, 100, 0, 6, 58, 100, 58, 100, 100, 100]}, "prefix_model_50": {"train_losses_lm": [0.16107523441314697, 0.1515885591506958, 0.12995415925979614, 0.160151407122612, 0.14554786682128906, 0.14820483326911926, 0.1480119228363037, 0.1417093724012375, 0.14651378989219666, 0.14672595262527466, 0.1366196870803833, 0.14316979050636292, 0.139396071434021, 0.14358757436275482, 0.14393888413906097, 0.13880667090415955, 0.14526256918907166, 0.1355883926153183, 0.12633389234542847, 0.13852959871292114, 0.1481126844882965, 0.1428464651107788, 0.14177720248699188, 0.1385209560394287, 0.13953116536140442, 0.12095081806182861, 0.12775301933288574, 0.12994925677776337, 0.1273162066936493, 0.13794508576393127, 0.12781479954719543], "train_losses_cls": [0.6867948770523071, 0.7261144518852234, 0.6874515414237976, 0.6888782382011414, 0.7028135061264038, 0.6949331760406494, 0.680853545665741, 0.6844887733459473, 0.6903518438339233, 0.6873152256011963, 0.6806310415267944, 0.6770803928375244, 0.6758682727813721, 0.6805211901664734, 0.6814917325973511, 0.6761260032653809, 0.6756190657615662, 0.6762961149215698, 0.669453501701355, 0.67412269115448, 0.6661907434463501, 0.6667214632034302, 0.670317530632019, 0.6674590110778809, 0.6641868948936462, 0.6575512886047363, 0.6563621759414673, 0.6679099798202515, 0.6586458683013916, 0.6620236039161682, 0.6589673757553101], "val_losses_lm": [0.1309071034193039], "val_losses_cls": [0.6432433128356934], "val_cls_accs": [71.7], "val_moral_token_accs": [0.1], "training_mem_usage": [23652, 23652, 23651, 23651, 23651, 23651, 23651, 23651, 23651, 23651, 23652, 23652, 23652, 23652, 23652, 23652, 23652, 23652, 23652, 23653, 23653, 23653, 23653, 23653, 23652, 23652, 23652, 23652, 23652, 23652, 23652], "gpu_utilization": [100, 1, 100, 79, 100, 47, 100, 60, 100, 12, 99, 0, 31, 72, 100, 24, 100, 7, 45, 20, 40, 83, 7, 100, 100, 36, 100, 100, 56, 100, 34]}, "base_model": {"train_losses_lm": [0.038837697356939316, 0.08102110773324966, 0.03137547895312309, 0.04175468534231186, 0.041716307401657104, 0.03831031918525696, 0.04122843220829964, 0.04166143760085106, 0.04716451093554497, 0.050895124673843384, 0.056198399513959885, 0.06101369485259056, 0.06729963421821594, 0.0616440586745739, 0.06611061096191406, 0.06625314801931381, 0.07919979840517044, 0.06270478665828705, 0.05323247238993645, 0.0704861730337143, 0.07939530909061432, 0.06733359396457672, 0.07086680829524994, 0.07544228434562683, 0.07114028930664062, 0.05653594061732292, 0.05928875133395195, 0.06005328521132469, 0.06661810725927353, 0.07503113150596619], "train_losses_cls": [0.30874520540237427, 0.9868884086608887, 0.44524502754211426, 0.4210728406906128, 0.4487999379634857, 0.36063262820243835, 0.3239481449127197, 0.3006468415260315, 0.2849419414997101, 0.2680136263370514, 0.2056380808353424, 0.252267062664032, 0.15058034658432007, 0.2317262589931488, 0.19204553961753845, 0.18110498785972595, 0.19219425320625305, 0.16521185636520386, 0.25807636976242065, 0.29918721318244934, 0.17074303328990936, 0.1701599657535553, 0.2316933572292328, 0.2109203040599823, 0.12963639199733734, 0.16333724558353424, 0.1375982016324997, 0.2759530246257782, 0.1798815131187439, 0.16304965317249298], "val_losses_lm": [0.06129381060600281], "val_losses_cls": [0.19024327397346497], "val_cls_accs": [94.6], "val_moral_token_accs": [93.8], "training_mem_usage": [23652, 23652, 23652, 23652, 23652, 23653, 23652, 23652, 23652, 23652, 23652, 23652, 23652, 23653, 23654, 23654, 23654, 23654, 23654, 23653, 23653, 23653, 23653, 23653, 23653, 23654, 23655, 23655, 23655, 23653], "gpu_utilization": [10, 54, 85, 100, 0, 53, 100, 59, 100, 100, 99, 100, 2, 97, 100, 0, 79, 100, 20, 100, 6, 29, 63, 84, 61, 100, 100, 37, 100, 100]}, "lora_model_rank_1": {"train_losses_lm": [0.06508782505989075, 0.06251861900091171, 0.036882054060697556, 0.05713456869125366, 0.04362279176712036, 0.0530332550406456, 0.05499859154224396, 0.05629502236843109, 0.059131499379873276, 0.05666660889983177, 0.05264356732368469, 0.06007632613182068, 0.05798116326332092, 0.0597168430685997, 0.060502514243125916, 0.06628058850765228, 0.07552921772003174, 0.06874499469995499, 0.05414634570479393, 0.07741405814886093, 0.09098432958126068, 0.07825629413127899, 0.08612483739852905, 0.08613044023513794, 0.09820147603750229, 0.07884246110916138, 0.09116987884044647, 0.08733105659484863, 0.0896856039762497, 0.10369529575109482, 0.0931682214140892], "train_losses_cls": [0.6799854040145874, 0.6782032251358032, 0.6754221320152283, 0.6711934804916382, 0.6709281802177429, 0.6638140678405762, 0.655877947807312, 0.6499385833740234, 0.6423816680908203, 0.6332889795303345, 0.610133171081543, 0.6042339205741882, 0.5894392728805542, 0.5886139869689941, 0.5554122924804688, 0.5142020583152771, 0.4989102780818939, 0.47393637895584106, 0.41429126262664795, 0.3537885844707489, 0.31744474172592163, 0.31384074687957764, 0.309560090303421, 0.31087011098861694, 0.23251691460609436, 0.23616300523281097, 0.18660998344421387, 0.29922401905059814, 0.21858808398246765, 0.29169517755508423, 0.25090712308883667], "val_losses_lm": [0.08706557750701904], "val_losses_cls": [0.17046399414539337], "val_cls_accs": [94.5], "val_moral_token_accs": [85.7], "training_mem_usage": [23652, 23652, 23652, 23652, 23653, 23653, 23653, 23653, 23653, 23653, 23653, 23653, 23653, 23653, 23653, 23653, 23653, 23653, 23653, 23653, 23653, 23653, 23653, 23653, 23653, 23653, 23653, 23653, 23653, 23653, 23653], "gpu_utilization": [100, 20, 94, 0, 89, 25, 100, 0, 92, 23, 35, 0, 88, 8, 84, 91, 0, 44, 100, 71, 100, 57, 100, 46, 100, 64, 100, 0, 77, 14, 10]},